day,od,rail,f1_t,f1,pk_t,pk,f2_t,f2,foot_gap,depth,span,brk_t,brk_px,mfe,mae,eod_pts
2021-07-07,short,14751.25,16:55,14828.5,16:59,14810.75,17:07,14827.25,1.25,16.5,12,17:24,14805.0,33.8,22.8,3.0
2021-07-15,short,14773.0,16:25,14823.5,16:28,14810.25,16:33,14829.75,6.25,13.2,8,16:48,14793.0,84.8,12.5,2.8
2021-08-03,short,14866.0,17:02,15021.75,17:05,15000.75,17:05,15014.0,7.75,13.2,3,17:19,14989.0,9.2,61.0,-54.8
2021-08-11,short,14978.5,18:03,15029.5,18:06,15017.0,18:11,15032.25,2.75,12.5,8,18:37,15003.0,12.8,26.0,-19.2
2021-08-17,short,14897.0,19:07,14966.5,19:11,14952.25,19:16,14972.0,5.5,14.2,9,19:37,14942.25,8.8,60.0,-57.5
2021-09-08,short,15546.0,19:04,15625.75,19:06,15606.25,19:15,15618.75,7.0,12.5,11,19:48,15600.25,8.5,23.8,-22.5
2021-09-23,long,15331.0,16:21,15265.75,16:25,15288.75,16:25,15275.25,9.5,13.5,4,16:35,15294.0,52.8,18.2,5.5
2021-09-30,short,14690.0,18:10,14765.5,18:13,14751.0,18:16,14772.0,6.5,14.5,6,18:26,14735.75,65.8,92.8,59.5
2021-10-01,short,14589.75,16:44,14707.0,16:46,14695.0,16:47,14707.75,0.75,12.0,3,16:52,14685.75,40.2,132.2,-85.0
2021-10-06,long,14641.75,17:27,14578.25,17:30,14597.5,17:35,14578.75,0.5,18.8,8,17:42,14617.5,147.5,50.0,136.0
2021-10-08,short,14812.75,19:31,14870.25,19:47,14847.5,20:08,14861.5,8.75,14.0,37,20:37,14820.5,25.2,5.8,9.0
2021-10-12,short,14639.75,17:05,14730.5,17:07,14716.25,17:08,14732.75,2.25,14.2,3,17:21,14702.75,81.8,17.0,52.5
2021-11-04,long,16299.75,15:30,16243.25,15:32,16265.75,15:50,16245.25,2.0,20.5,20,15:56,16285.5,93.0,11.2,49.2
2021-12-10,short,16148.25,16:46,16262.25,16:49,16242.5,16:51,16266.5,4.25,19.8,5,17:34,16222.5,14.2,114.8,-105.0
2021-12-21,short,15641.75,16:10,15736.25,16:11,15722.0,16:15,15741.75,5.5,14.2,5,16:24,15710.25,3.0,276.8,-263.2
2022-01-10,short,15257.5,18:28,15371.25,18:29,15356.0,18:31,15380.5,9.25,15.2,3,18:39,15347.75,6.8,269.0,-256.5
2022-01-12,short,15819.0,17:56,15953.0,18:01,15930.5,18:01,15945.0,8.0,14.5,5,18:14,15906.25,49.8,15.2,10.8
2022-01-14,long,15509.25,18:24,15405.5,18:25,15426.25,18:27,15404.0,1.5,20.8,3,18:43,15446.5,160.8,7.5,146.2
2022-01-18,short,15227.5,19:01,15285.0,19:04,15264.5,19:19,15289.5,4.5,20.5,18,19:26,15251.25,80.5,78.0,37.2
2022-01-19,short,15147.25,17:47,15312.0,17:50,15288.5,17:59,15317.5,5.5,23.5,12,18:29,15257.25,232.5,23.5,219.8
2022-01-20,long,15288.75,15:19,15218.0,15:22,15246.0,15:23,15226.25,8.25,19.8,4,15:28,15261.75,78.8,444.8,-425.0
2022-01-26,short,14355.75,17:45,14548.75,17:46,14523.25,17:49,14542.5,6.25,19.2,4,18:02,14477.5,500.8,164.8,329.2
2022-01-27,short,14213.25,16:02,14352.0,16:04,14326.0,16:06,14347.75,4.25,21.8,4,16:09,14294.75,347.5,56.0,307.2
2022-01-28,short,13947.75,17:06,14311.5,17:08,14284.0,17:09,14306.5,5.0,22.5,3,17:14,14267.5,209.0,170.5,-166.5
2022-02-01,short,14823.5,20:32,14975.0,20:35,14953.0,20:36,14970.5,4.5,17.5,4,20:40,14937.0,8.2,83.5,-54.2
2022-02-03,long,14824.5,17:04,14630.5,17:06,14646.75,17:19,14626.5,4.0,16.2,15,17:25,14678.75,33.8,222.2,-175.2
2022-02-07,short,14587.25,20:12,14722.5,20:13,14706.25,20:15,14727.0,4.5,16.2,3,20:21,14692.25,181.0,8.5,126.2
2022-02-16,short,14394.0,16:07,14479.0,16:12,14456.25,16:12,14474.0,5.0,17.8,5,16:16,14451.0,66.0,194.0,-150.2
2022-02-17,short,14342.75,16:18,14404.0,16:24,14383.25,16:27,14408.75,4.75,20.8,9,16:39,14373.5,230.2,32.2,208.2
2022-02-22,long,14000.75,18:17,13787.5,18:20,13808.25,18:20,13796.25,8.75,12.0,3,18:33,13817.25,197.0,106.8,48.2
2022-02-28,long,14162.75,19:10,14000.5,19:12,14022.0,19:24,13995.25,5.25,21.5,14,19:44,14065.5,175.0,41.8,168.5
2022-03-10,short,13444.5,19:50,13635.5,19:51,13614.0,19:57,13633.0,2.5,19.0,7,20:02,13598.5,47.5,32.5,7.2
2022-03-14,long,13366.0,17:34,13023.0,17:35,13047.75,17:39,13024.0,1.0,23.8,5,17:52,13094.25,25.8,80.8,-45.0
2022-03-16,long,13738.75,17:11,13667.0,17:12,13688.0,17:22,13663.0,4.0,21.0,11,17:32,13720.5,236.5,257.5,234.2
2022-03-17,long,13992.25,15:01,13842.25,15:02,13869.5,15:04,13845.25,3.0,24.2,3,15:10,13898.25,224.5,31.5,220.5
2022-03-23,long,14651.5,18:11,14471.0,18:13,14486.75,18:15,14467.25,3.75,15.8,4,18:19,14500.5,53.2,59.0,-56.2
2022-03-24,long,14643.25,16:29,14592.25,16:30,14612.5,16:36,14583.0,9.25,20.2,7,16:54,14629.0,139.2,16.0,137.8
2022-03-25,short,14643.0,18:04,14735.5,18:05,14722.0,18:07,14738.5,3.0,13.5,3,18:20,14713.75,86.8,45.5,-41.5
2022-03-28,long,14873.5,15:22,14786.0,15:24,14808.0,15:28,14779.0,7.0,22.0,6,15:31,14829.75,158.2,128.8,157.2
2022-03-31,short,14960.25,20:03,15065.0,20:06,15042.0,20:06,15061.5,3.5,19.5,3,20:13,15026.25,170.8,5.2,155.8
2022-04-06,short,14482.0,18:49,14562.0,18:52,14543.5,18:52,14559.75,2.25,16.2,3,18:58,14528.75,133.2,123.8,23.0
2022-04-07,long,14587.0,15:22,14494.75,15:24,14524.5,15:33,14497.5,2.75,27.0,11,15:37,14539.75,94.2,221.5,3.5
2022-04-11,short,14038.0,16:33,14089.0,16:34,14076.75,16:53,14098.75,9.75,12.2,20,17:02,14064.75,80.2,66.8,64.0
2022-04-18,long,13970.0,17:26,13788.25,17:27,13801.25,17:34,13786.0,2.25,13.0,8,17:44,13814.0,182.0,13.5,102.8
2022-04-28,short,13092.0,18:12,13425.75,18:13,13406.5,18:15,13431.5,5.75,19.2,3,18:22,13391.5,8.0,150.8,-71.5
2022-04-29,long,13407.5,17:51,13067.0,17:52,13082.75,17:54,13059.25,7.75,15.8,3,18:04,13101.5,35.5,269.8,-244.8
2022-05-02,long,12960.5,18:50,12738.25,18:54,12758.5,18:54,12746.0,7.75,12.5,4,18:57,12771.25,311.2,61.8,299.5
2022-05-12,long,11910.75,19:09,11705.75,19:11,11729.25,19:13,11714.75,9.0,14.5,4,19:16,11737.5,219.2,48.2,210.5
2022-05-16,short,12191.25,19:32,12400.75,19:35,12374.25,19:43,12399.75,1.0,25.5,11,19:50,12339.0,127.5,29.8,91.8
2022-05-17,short,12370.75,16:38,12487.75,16:40,12469.25,16:41,12490.5,2.75,18.5,3,17:07,12435.0,63.0,143.8,-128.5
2022-05-31,short,12557.75,16:01,12651.25,16:02,12628.0,16:05,12655.75,4.5,23.2,4,16:09,12602.75,37.8,165.5,-42.5
2022-06-01,short,12613.0,15:56,12665.5,15:59,12640.5,15:59,12657.0,8.5,16.5,3,16:02,12605.75,151.0,58.5,56.2
2022-06-02,long,12622.5,15:23,12506.25,15:25,12527.0,15:27,12497.5,8.75,20.8,4,15:35,12556.75,342.8,24.8,337.0
2022-06-03,short,12553.0,18:04,12646.75,18:05,12627.0,18:07,12644.5,2.25,17.5,3,18:14,12604.0,92.8,11.0,50.2
2022-06-07,long,12577.75,14:57,12514.5,14:58,12535.0,15:00,12509.0,5.5,20.5,3,15:05,12549.75,190.8,58.2,161.2
2022-06-27,short,12068.5,15:57,12149.0,16:01,12120.25,16:28,12143.0,6.0,22.8,31,16:38,12113.0,118.8,38.8,68.0
2022-06-30,short,11435.75,16:58,11614.5,17:00,11600.0,17:01,11612.25,2.25,12.2,3,17:04,11584.75,114.8,100.5,46.0
2022-07-11,short,11930.5,18:33,11997.25,18:34,11983.75,18:54,12004.75,7.5,13.5,21,19:03,11965.0,107.2,12.0,74.2
2022-07-12,short,11823.25,16:12,11932.0,16:14,11904.75,16:30,11931.5,0.5,26.8,18,16:43,11872.5,160.5,69.8,93.8
2022-07-14,short,11522.5,16:22,11667.5,16:23,11643.75,16:30,11660.5,7.0,16.8,8,16:36,11631.5,10.5,203.2,-168.5
2022-07-21,long,12603.5,18:31,12548.75,18:32,12570.25,18:35,12546.0,2.75,21.5,4,18:40,12584.75,61.0,33.5,60.5
2022-07-25,short,12304.75,16:35,12386.5,16:40,12365.0,16:47,12388.25,1.75,21.5,12,17:15,12343.75,77.2,63.0,-11.5
2022-07-28,short,12486.75,18:42,12736.5,18:45,12718.25,18:58,12738.5,2.0,18.2,16,19:07,12694.5,2.2,70.2,-44.0
2022-07-29,long,12923.0,16:28,12792.75,16:29,12814.5,16:33,12786.25,6.5,21.8,5,16:38,12823.0,189.5,6.0,148.8
2022-08-02,long,12984.25,18:46,12903.25,18:47,12928.0,18:51,12903.5,0.25,24.5,5,19:06,12947.25,53.5,27.5,-25.2
2022-08-08,long,13384.75,15:49,13316.5,15:54,13337.25,15:58,13312.75,3.75,20.8,9,16:03,13345.25,11.8,224.8,-163.8
2022-08-11,short,13369.75,17:33,13431.0,17:45,13406.0,17:57,13429.25,1.75,23.2,24,18:09,13396.0,111.2,46.5,78.8
2022-09-01,short,12053.0,18:31,12127.25,18:32,12107.5,18:34,12125.5,1.75,18.0,3,18:42,12096.75,24.5,203.2,-189.0
2022-09-07,long,12159.5,17:23,12101.0,17:28,12122.5,17:33,12102.75,1.75,19.8,10,17:40,12153.75,152.5,16.5,108.2
2022-09-15,short,12011.5,16:31,12069.5,16:32,12047.5,16:38,12071.5,2.0,22.0,7,16:52,12022.25,84.8,128.2,18.0
2022-09-22,short,11521.75,16:47,11590.75,16:48,11574.25,16:52,11590.5,0.25,16.2,5,16:59,11564.25,43.0,120.8,1.5
2022-09-23,short,11341.0,15:29,11406.75,15:30,11387.75,15:32,11407.75,1.0,19.0,3,15:35,11364.25,135.5,62.2,-9.8
2022-09-26,long,11472.5,16:26,11376.75,16:28,11393.5,16:30,11375.75,1.0,16.8,4,16:42,11400.75,24.2,107.5,-81.0
2022-09-30,long,11307.25,17:01,11212.25,17:02,11228.25,17:10,11214.75,2.5,13.5,9,17:17,11239.75,23.2,215.2,-211.0
2022-10-03,long,11225.0,16:41,11168.25,16:43,11182.25,16:56,11158.25,10.0,14.0,15,17:03,11192.25,165.5,18.0,98.5
2022-10-19,long,11249.75,15:56,11177.25,15:57,11197.25,16:04,11172.25,5.0,20.0,8,16:11,11228.5,4.5,178.2,-73.8
2022-10-20,long,11231.0,19:25,11052.0,19:26,11066.75,19:30,11051.0,1.0,14.8,5,19:35,11077.75,42.0,36.8,9.5
2022-10-24,short,11239.25,16:36,11394.0,16:38,11368.25,16:43,11391.25,2.75,23.0,7,16:47,11363.0,14.8,152.5,-117.0
2022-10-26,long,11594.5,20:06,11443.5,20:09,11464.25,20:13,11445.0,1.5,19.2,7,20:19,11483.5,1.5,46.0,-30.2
2022-11-10,long,11476.75,17:49,11425.5,17:50,11448.5,17:59,11422.25,3.25,23.0,10,18:05,11455.0,190.0,5.2,173.2
2022-11-17,long,11671.0,16:10,11598.0,16:13,11614.75,16:13,11599.75,1.75,15.0,3,16:18,11631.0,144.0,22.5,81.0
2022-11-29,short,11502.25,17:44,11553.25,17:47,11533.75,17:51,11551.5,1.75,17.8,7,18:02,11527.25,50.5,27.2,4.0
2022-12-14,long,12051.5,17:27,11995.0,17:31,12012.5,18:18,11987.75,7.25,17.5,51,18:32,12031.75,37.8,303.0,-169.0
2022-12-16,short,11309.0,20:30,11393.25,20:31,11378.5,20:41,11394.75,1.5,14.8,11,20:49,11361.5,29.5,12.5,19.5
2022-12-19,short,11234.25,15:21,11309.5,15:23,11290.5,15:24,11307.5,2.0,17.0,3,15:34,11284.0,152.5,5.5,96.0
2023-01-04,short,10913.75,16:36,11058.5,16:37,11044.5,16:57,11068.0,9.5,14.0,21,17:11,11038.25,137.5,26.2,41.8
2023-01-06,short,10770.5,16:53,11043.5,16:59,11021.25,17:11,11039.25,4.25,18.0,18,17:42,11010.5,12.8,155.5,-103.8
2023-01-09,long,11319.5,18:48,11260.5,18:49,11282.0,18:51,11267.75,7.25,14.2,3,19:02,11301.75,7.2,140.8,-114.0
2023-01-12,short,11370.25,18:54,11571.75,18:55,11559.5,19:02,11575.25,3.5,12.2,8,19:06,11552.75,68.8,6.0,21.5
2023-01-31,long,12094.25,17:03,12042.25,17:06,12066.5,17:07,12049.75,7.5,16.8,4,17:19,12084.0,72.0,24.5,69.8
2023-02-23,short,12132.25,19:34,12214.25,19:42,12197.25,19:46,12213.5,0.75,16.2,12,19:57,12187.75,5.8,61.0,-18.2
2023-03-14,long,12327.75,19:12,12174.75,19:13,12189.5,19:17,12168.75,6.0,14.8,5,19:20,12198.25,147.2,15.0,131.0
2023-03-28,short,12656.25,16:39,12723.25,16:50,12697.0,17:00,12717.0,6.25,20.0,21,17:15,12686.5,51.8,48.2,-46.2
2023-04-20,long,13171.5,19:43,13068.75,19:48,13085.0,19:50,13067.5,1.25,16.2,7,20:02,13096.0,2.8,74.0,-18.5
2023-05-30,short,14390.0,19:45,14444.0,19:50,14417.5,19:55,14443.75,0.25,26.2,10,20:17,14407.75,36.2,19.0,10.8
2023-06-16,short,15351.0,15:29,15412.5,15:30,15394.5,15:38,15414.5,2.0,18.0,9,15:43,15382.25,123.5,34.2,107.8
2023-06-21,short,15081.75,15:15,15137.25,15:17,15113.75,15:18,15127.5,9.75,13.8,3,15:21,15106.0,103.5,44.0,60.5
2023-06-30,long,15371.75,16:48,15282.5,16:50,15306.0,16:51,15291.25,8.75,14.8,3,17:04,15322.0,45.8,19.2,9.0
2023-07-05,long,15414.0,16:57,15347.0,16:58,15360.75,17:01,15338.5,8.5,13.8,4,17:18,15371.0,20.5,46.8,-11.0
2023-07-14,long,15841.5,19:37,15701.0,19:40,15717.5,19:48,15704.0,3.0,13.5,11,19:54,15724.0,7.5,66.0,-21.0
2023-07-20,short,15713.75,16:07,15765.5,16:08,15748.75,16:11,15762.75,2.75,14.0,4,16:23,15739.75,192.2,45.2,151.8
2023-07-21,short,15568.0,16:11,15639.0,16:13,15619.25,16:32,15642.75,3.75,19.8,21,16:44,15584.75,62.5,70.0,47.2
2023-07-28,long,15858.0,18:44,15775.0,18:45,15794.75,18:47,15779.75,4.75,15.0,3,18:53,15810.0,71.5,1.5,39.5
2023-08-09,short,15240.75,19:32,15306.25,19:34,15287.0,19:40,15299.75,6.5,12.8,8,19:54,15273.0,105.8,13.5,92.8
2023-08-10,long,15421.25,16:20,15261.0,16:21,15277.25,16:24,15261.5,0.5,15.8,4,16:27,15291.75,34.5,155.8,-91.0
2023-08-21,long,14928.5,15:30,14821.0,15:32,14842.25,16:00,14818.0,3.0,21.2,30,16:04,14851.5,162.2,63.2,135.5
2023-08-22,short,14971.75,16:02,15055.25,16:05,15025.75,16:12,15050.75,4.5,25.0,10,16:16,15015.75,84.8,29.5,55.5
2023-08-25,long,15017.0,15:59,14754.75,16:00,14777.75,16:02,14752.75,2.0,23.0,3,16:08,14811.75,214.8,35.0,166.0
2023-09-01,short,15513.5,15:13,15591.0,15:14,15575.0,15:19,15593.5,2.5,16.0,6,15:32,15547.75,94.2,16.2,27.8
2023-10-04,long,14873.25,19:01,14808.25,19:04,14832.75,19:09,14810.0,1.75,22.8,8,19:19,14846.0,109.8,42.5,73.2
2023-10-05,short,14789.25,19:40,14906.75,19:44,14884.25,20:00,14905.0,1.75,20.8,20,20:13,14870.5,16.5,18.5,4.8
2023-10-10,long,15320.25,18:12,15265.25,18:13,15277.25,18:15,15255.25,10.0,12.0,3,18:31,15284.5,27.5,24.0,-14.2
2023-10-17,long,15258.75,18:56,15190.5,18:57,15212.75,19:02,15196.5,6.0,16.2,6,19:22,15224.5,21.5,46.5,16.2
2023-10-25,short,14621.5,15:47,14678.5,15:49,14659.0,16:06,14685.0,6.5,19.5,19,16:22,14628.0,176.2,21.5,151.5
2023-11-01,long,14639.75,15:22,14582.5,15:25,14599.75,15:33,14576.5,6.0,17.2,11,15:55,14611.75,150.2,53.5,131.0
2023-12-05,long,15911.0,16:54,15832.25,16:56,15855.5,17:46,15827.5,4.75,23.2,52,17:58,15870.0,43.0,15.0,42.0
2023-12-08,long,16076.0,15:38,16020.25,15:40,16039.25,15:42,16023.75,3.5,15.5,4,15:48,16057.0,62.0,67.2,41.5
2023-12-29,short,16969.0,20:10,17049.75,20:18,17026.75,20:28,17040.25,9.5,13.5,18,20:49,17018.25,31.0,13.2,-0.8
2024-01-05,long,16569.0,20:28,16403.5,20:29,16422.5,20:32,16404.5,1.0,18.0,4,20:44,16443.5,28.8,10.0,20.2
2024-02-05,short,17602.5,17:38,17720.0,17:47,17698.25,17:48,17711.0,9.0,12.8,10,18:03,17691.25,18.0,53.8,-6.0
2024-02-13,long,17748.25,17:55,17666.25,17:56,17681.25,17:59,17662.5,3.75,15.0,4,18:16,17689.0,7.8,142.8,-8.8
2024-02-16,short,17806.75,16:58,17892.0,17:00,17871.0,17:04,17887.0,5.0,16.0,6,17:11,17861.75,139.2,41.8,115.0
2024-02-20,short,17541.75,16:01,17598.0,16:06,17574.25,16:06,17588.25,9.75,14.0,5,16:14,17564.75,112.2,49.5,-47.5
2024-03-12,short,18191.25,15:24,18457.25,15:32,18432.75,15:34,18449.0,8.25,16.2,10,15:42,18405.5,82.2,85.5,-70.2
2024-03-14,short,18255.0,14:31,18340.0,14:33,18317.5,14:35,18342.0,2.0,22.5,4,14:42,18289.0,127.8,48.8,10.8
2024-04-09,short,18271.0,20:31,18351.5,20:34,18327.5,20:34,18342.75,8.75,15.2,3,20:41,18291.25,2.0,73.8,-71.0
2024-04-16,long,17987.75,19:21,17846.25,19:22,17870.75,19:29,17846.5,0.25,24.2,8,19:36,17898.25,56.5,24.8,-21.5
2024-04-18,short,17553.0,16:22,17746.0,16:25,17725.75,16:25,17739.75,6.25,14.0,3,16:30,17697.5,175.5,18.2,152.5
2024-04-24,short,17611.0,18:47,17705.5,18:50,17682.25,18:58,17702.75,2.75,20.5,11,19:07,17656.5,50.0,30.8,-1.8
2024-05-02,short,17462.75,16:10,17562.25,16:12,17545.25,16:16,17558.0,4.25,12.8,6,16:27,17518.75,30.2,167.0,-129.5
2024-05-23,short,18861.5,16:56,18931.0,17:00,18907.25,17:01,18933.75,2.75,23.8,5,17:13,18896.75,275.2,31.2,200.2
2024-05-30,short,18644.75,18:13,18725.75,18:19,18702.5,18:42,18729.0,3.25,23.2,29,19:05,18693.5,145.5,2.2,89.2
2024-06-10,long,19108.5,18:31,19055.25,18:33,19074.5,18:38,19054.25,1.0,19.2,7,18:47,19086.75,43.0,53.0,25.8
2024-06-13,short,19516.75,20:04,19616.0,20:06,19603.5,20:09,19618.5,2.5,12.5,5,20:16,19590.5,3.8,42.2,-2.5
2024-06-20,short,20125.5,16:02,20221.75,16:04,20201.0,16:08,20229.0,7.25,20.8,6,16:27,20186.25,227.8,25.0,151.0
2024-06-24,short,19802.0,20:07,19853.75,20:08,19834.0,20:11,19849.75,4.0,15.8,4,20:39,19816.0,75.5,8.5,71.0
2024-06-27,long,20110.5,15:51,20001.5,15:52,20020.0,15:54,20007.0,5.5,13.0,3,16:12,20030.0,36.2,75.8,17.8
2024-07-01,short,19851.0,17:17,20019.0,17:20,20005.25,17:55,20026.5,7.5,13.8,38,18:05,19999.75,22.2,74.2,-49.2
2024-07-15,long,20730.0,19:13,20547.25,19:15,20564.75,19:19,20551.75,4.5,13.0,6,19:24,20593.0,50.2,86.8,0.5
2024-07-16,short,20529.25,15:42,20580.0,15:44,20557.25,15:51,20576.75,3.25,19.5,9,15:59,20541.75,77.8,72.8,-58.0
2024-07-18,short,20021.5,15:06,20105.5,15:08,20077.75,15:10,20107.0,1.5,27.8,4,15:22,20062.25,303.5,25.2,168.8
2024-07-26,short,19043.75,18:29,19299.0,18:31,19278.5,18:32,19294.0,5.0,15.5,3,18:36,19186.5,82.0,35.2,10.8
2024-07-29,short,19164.75,17:20,19338.25,17:21,19323.25,17:23,19337.0,1.25,13.8,3,17:27,19302.0,118.0,47.0,93.0
2024-07-30,short,19167.25,15:07,19242.0,15:08,19216.5,15:17,19245.0,3.0,25.5,10,15:20,19202.75,400.2,14.2,263.5
2024-08-08,short,18105.25,17:06,18460.25,17:07,18447.75,17:10,18469.5,9.25,12.5,4,17:17,18436.75,79.0,119.0,-82.2
2024-08-09,long,18571.0,17:11,18457.5,17:12,18473.75,17:24,18450.5,7.0,16.2,13,17:31,18491.0,183.8,3.5,119.0
2024-08-15,long,19472.25,15:05,19405.5,15:06,19435.25,15:10,19412.0,6.5,23.2,5,15:15,19452.25,151.2,23.0,135.8
2024-08-16,long,19623.25,20:47,19572.5,20:50,19592.5,20:50,19575.75,3.25,16.8,3,20:57,19609.0,3.8,13.8,-5.2
2024-08-27,long,19643.5,16:33,19577.75,16:37,19607.0,16:53,19579.75,2.0,27.2,20,17:04,19613.5,79.2,30.5,37.8
2024-09-09,short,18508.75,18:12,18730.0,18:15,18708.0,18:17,18729.25,0.75,21.2,5,18:33,18676.5,110.0,33.5,-12.2
2024-09-12,long,19379.5,16:46,19246.75,16:47,19267.25,16:58,19249.5,2.75,17.8,12,17:04,19293.25,190.0,22.0,158.5
2024-09-16,short,19551.0,18:52,19669.5,18:55,19649.25,19:28,19671.5,2.0,20.2,36,19:45,19636.5,10.0,47.8,-34.0
2024-09-18,short,19611.0,18:32,19731.5,18:36,19713.75,18:36,19728.5,3.0,14.8,4,18:39,19690.25,129.5,209.5,106.5
2024-09-20,short,19915.0,17:53,20036.5,17:56,20016.25,18:01,20030.75,5.75,14.5,8,18:11,20005.5,71.5,78.5,-27.5
2024-09-24,short,20015.25,16:55,20214.75,16:57,20191.0,17:05,20214.25,0.5,23.2,10,17:56,20173.0,64.2,21.0,2.0
2024-09-25,long,20260.75,16:30,20193.25,16:32,20214.0,16:33,20196.0,2.75,18.0,3,16:38,20238.5,3.2,103.0,-43.8
2024-10-03,long,20032.25,18:01,19879.0,18:02,19904.5,18:04,19883.25,4.25,21.2,3,18:09,19916.75,90.0,14.5,71.2
2024-10-04,short,20107.5,17:46,20182.25,17:50,20164.0,17:50,20176.0,6.25,12.0,4,17:59,20153.75,70.2,91.5,-73.5
2024-10-10,long,20479.75,17:48,20417.0,17:49,20438.5,17:51,20417.75,0.75,20.8,3,18:03,20450.75,22.5,78.8,-21.2
2024-10-14,long,20671.0,15:17,20592.0,15:18,20619.75,15:20,20602.0,10.0,17.8,3,15:26,20637.25,29.5,112.2,-15.8
2024-10-16,short,20233.25,15:25,20349.5,15:27,20324.0,15:30,20344.0,5.5,20.0,5,15:37,20293.5,47.8,86.0,-53.0
2024-11-01,long,20188.5,18:09,20137.0,18:11,20153.0,18:20,20127.5,9.5,16.0,11,18:25,20165.0,38.2,42.0,-18.2
2024-11-12,short,21094.5,19:38,21209.5,19:40,21195.25,19:43,21211.0,1.5,14.2,5,19:57,21187.25,20.2,19.2,2.0
2024-11-18,long,20677.0,17:48,20616.5,17:55,20637.75,17:55,20625.25,8.75,12.5,7,17:58,20656.75,11.8,66.2,-25.5
2024-11-20,short,20633.0,16:56,20709.0,16:58,20685.25,17:01,20707.0,2.0,21.8,5,17:07,20656.5,100.0,107.8,-95.5
2024-12-23,short,21499.25,19:17,21777.0,19:20,21757.0,19:23,21770.75,6.25,13.8,6,19:37,21742.5,76.2,24.8,-13.2
2025-01-06,long,21852.75,19:01,21676.75,19:02,21701.0,19:04,21682.25,5.5,18.8,3,19:18,21716.75,39.5,70.2,33.2
2025-01-16,short,21375.0,16:09,21474.5,16:10,21448.25,16:12,21466.75,7.75,18.5,3,16:16,21427.5,183.2,14.5,179.5
2025-01-17,short,21527.0,16:26,21637.5,16:31,21613.75,16:31,21630.25,7.25,16.5,5,16:42,21605.25,45.2,67.2,5.0
2025-01-21,short,21590.75,18:16,21772.0,18:27,21745.25,19:07,21764.25,7.75,19.0,51,19:17,21734.5,37.2,21.0,20.0
2025-01-27,long,21243.75,19:51,21096.75,19:53,21126.5,19:56,21102.75,6.0,23.8,5,19:59,21133.0,132.0,6.8,125.5
2025-01-28,short,21182.5,15:03,21362.25,15:05,21341.0,15:06,21368.0,5.75,21.2,3,15:10,21331.75,15.2,294.2,-244.2
2025-01-30,short,21530.0,20:17,21695.0,20:18,21681.5,20:23,21700.0,5.0,13.5,6,20:38,21634.5,111.5,22.5,10.2
2025-02-10,long,21884.5,17:12,21817.25,17:14,21834.0,17:16,21817.5,0.25,16.5,4,17:36,21847.5,38.0,16.5,-4.5
2025-02-12,long,21670.5,15:12,21580.5,15:13,21606.5,15:15,21586.75,6.25,19.8,3,15:18,21663.75,175.2,24.8,138.0
2025-02-18,short,22137.75,16:12,22206.5,16:14,22187.75,16:17,22205.5,1.0,17.8,5,16:24,22176.75,73.8,62.5,-62.0
2025-02-26,long,21358.5,19:08,21064.75,19:10,21089.75,19:16,21069.5,4.75,20.2,8,19:19,21117.5,107.0,39.8,74.5
2025-03-06,long,20431.0,19:27,20010.25,19:29,20032.0,19:31,20002.75,7.5,21.8,4,19:42,20077.5,130.2,50.8,16.5
2025-03-11,long,19540.0,17:27,19206.75,17:29,19223.0,17:30,19201.0,5.75,16.2,3,17:33,19238.25,449.2,28.2,154.5
2025-03-17,long,19822.75,15:04,19654.5,15:06,19676.75,15:08,19656.0,1.5,20.8,4,15:13,19697.5,261.8,69.0,135.0
2025-03-20,long,19906.5,18:31,19795.5,18:33,19814.0,18:34,19798.75,3.25,15.2,3,18:38,19838.5,82.8,31.5,43.0
2025-03-21,long,19777.75,15:43,19679.5,15:45,19695.5,16:02,19675.0,4.5,16.0,19,16:05,19733.0,240.2,10.0,219.8
2025-03-24,long,20376.25,16:30,20324.0,16:31,20347.0,16:42,20319.0,5.0,23.0,12,16:49,20353.0,56.2,44.8,13.0
2025-03-27,long,20148.75,16:59,20006.5,17:01,20024.75,17:02,20001.75,4.75,18.2,3,17:08,20043.75,86.0,68.8,-48.5
2025-03-31,short,19046.75,18:11,19303.25,18:12,19281.25,18:14,19308.0,4.75,22.0,3,18:18,19262.75,56.8,226.8,-187.5
2025-04-14,short,19112.75,15:51,19193.0,15:52,19168.75,15:54,19190.25,2.75,21.5,3,15:57,19124.75,386.2,26.5,183.8
2025-04-15,long,19107.0,19:15,18884.5,19:16,18913.25,19:21,18887.5,3.0,25.8,6,19:32,18944.75,56.2,22.2,15.0
2025-05-06,long,19915.75,18:46,19838.25,18:48,19852.5,18:49,19837.5,0.75,14.2,3,19:02,19884.5,88.2,35.8,-8.8
2025-05-08,short,20042.5,17:49,20331.75,17:50,20319.0,17:54,20337.5,5.75,12.8,5,18:06,20308.75,167.5,22.5,156.0
2025-05-12,short,20798.75,19:37,20946.25,19:38,20928.5,19:42,20943.5,2.75,15.0,5,19:50,20912.0,54.5,42.2,-37.8
2025-05-16,short,21347.5,20:06,21506.0,20:09,21488.75,20:15,21502.0,4.0,13.2,9,20:35,21479.0,17.5,34.0,-26.2
2025-06-19,short,21664.0,16:14,21741.0,16:16,21716.25,16:19,21735.75,5.25,19.5,5,16:36,21693.75,17.2,48.2,-10.5
2025-07-01,short,22683.0,18:53,22762.5,18:58,22734.25,19:08,22753.75,8.75,19.5,15,19:28,22726.0,78.2,20.5,33.0
2025-07-10,short,22952.25,18:58,23041.0,19:01,23028.25,19:22,23050.0,9.0,12.8,24,20:52,22995.5,5.0,25.2,-19.5
2025-07-16,short,22954.5,15:30,23031.0,15:31,23010.25,15:33,23025.75,5.25,15.5,3,15:43,22995.0,159.2,105.0,-79.5
2025-07-18,short,23180.5,16:50,23253.0,16:56,23238.5,16:59,23250.5,2.5,12.0,9,17:09,23230.25,60.2,3.2,3.5
2025-08-15,short,23789.25,15:15,23883.25,15:17,23859.75,15:28,23877.0,6.25,17.2,13,15:33,23837.75,103.0,18.0,32.0
2025-08-21,short,23140.25,20:11,23252.25,20:16,23238.25,20:25,23254.75,2.5,14.0,14,20:34,23229.25,25.8,5.5,11.2
2025-09-02,long,23220.25,16:53,23026.5,16:55,23051.75,16:57,23029.25,2.75,22.5,4,17:14,23061.75,228.2,2.2,215.5
2025-09-25,short,24456.5,16:43,24694.25,16:44,24678.75,16:49,24697.0,2.75,15.5,6,17:05,24669.75,216.2,16.2,37.8
2025-09-26,short,24534.25,18:13,24714.0,18:21,24690.25,18:28,24716.75,2.75,23.8,15,18:55,24668.25,3.2,69.2,-57.2
2025-09-29,long,24971.25,17:03,24825.0,17:06,24839.25,17:08,24825.75,0.75,13.5,5,17:11,24852.75,16.5,72.2,-15.5
2025-10-14,short,24518.5,15:27,24722.25,15:28,24707.75,15:30,24727.0,4.75,14.5,3,15:33,24697.75,27.2,249.5,-59.2
2025-10-31,short,26079.25,14:46,26181.5,14:48,26163.5,14:49,26175.75,5.75,12.2,3,14:57,26155.0,267.2,28.0,162.2
2025-11-03,short,26115.75,18:32,26166.0,18:35,26148.0,18:37,26164.5,1.5,16.5,5,18:53,26135.0,69.0,8.5,24.8
2025-11-04,long,25861.5,16:21,25742.0,16:22,25766.25,16:26,25737.75,4.25,24.2,5,16:38,25787.5,8.8,242.5,-208.0
2025-11-19,long,24730.75,17:37,24509.25,17:38,24537.75,17:40,24508.0,1.25,28.5,3,17:43,24621.25,209.0,55.0,103.2
2025-11-21,short,24082.75,19:22,24595.0,19:24,24569.5,19:25,24596.5,1.5,25.5,3,19:34,24526.75,241.8,56.5,213.0
2025-12-08,short,25671.5,15:34,25724.25,15:37,25702.75,15:37,25721.75,2.5,19.0,3,15:43,25696.5,132.8,6.2,27.8
2025-12-11,short,25523.0,15:24,25626.75,15:25,25602.0,15:28,25629.25,2.5,24.8,4,15:32,25589.25,133.5,133.8,-125.5
2025-12-22,short,25660.5,16:16,25719.25,16:18,25706.5,16:20,25723.0,3.75,12.8,4,16:35,25697.75,25.5,33.5,9.5
2025-12-31,short,25559.0,18:40,25626.5,18:43,25608.75,19:03,25634.75,8.25,17.8,23,19:21,25596.5,152.0,5.8,141.5
2026-01-13,short,25830.25,16:56,26026.0,17:02,26001.75,17:07,26018.0,8.0,16.2,11,17:15,25976.5,173.2,20.0,72.5
2026-01-20,long,25362.5,19:31,25133.0,19:33,25155.0,19:36,25128.0,5.0,22.0,5,19:41,25174.75,5.0,75.8,-32.0
2026-01-27,long,26102.75,18:02,26036.75,18:03,26057.0,18:05,26044.5,7.75,12.5,3,18:14,26068.25,46.2,5.2,7.8
2026-01-28,short,26133.25,19:52,26210.75,19:54,26186.75,20:11,26212.0,1.25,24.0,19,20:30,26175.0,43.8,13.8,24.5
2026-01-30,short,25714.25,17:27,25789.75,17:28,25770.5,17:31,25795.75,6.0,19.2,4,17:35,25715.0,146.2,66.2,39.2
2026-02-13,short,24622.75,17:32,24985.75,17:35,24967.0,17:42,24994.0,8.25,18.8,10,17:55,24943.5,212.0,52.0,141.0
2026-03-19,long,24548.25,15:37,24400.25,15:39,24426.5,15:45,24396.5,3.75,26.2,8,15:57,24454.5,237.0,77.2,120.0
2026-03-26,short,24036.0,15:00,24129.5,15:01,24101.0,15:05,24130.75,1.25,28.5,5,15:09,24095.75,320.8,31.5,308.8
2026-04-08,short,25079.25,17:55,25157.5,17:59,25138.25,18:02,25157.0,0.5,18.8,7,18:08,25126.75,183.5,9.5,47.2
2026-04-20,short,26676.25,19:55,26748.25,19:59,26727.75,20:13,26742.5,5.75,14.8,18,20:45,26719.25,11.0,33.0,-26.0
2026-04-23,long,27135.0,17:05,27038.5,17:07,27063.75,17:09,27044.0,5.5,19.8,4,17:14,27080.75,38.0,400.8,-154.5
2026-04-28,short,27041.25,20:07,27223.0,20:10,27205.0,20:11,27224.75,1.75,18.0,4,20:17,27190.5,36.2,6.0,21.0
2026-04-29,long,27326.75,20:33,27267.0,20:34,27284.5,20:51,27262.0,5.0,17.5,18,20:55,27302.75,35.2,15.5,32.0
2026-04-30,short,27366.5,19:03,27586.75,19:05,27566.75,19:16,27586.0,0.75,19.2,13,19:26,27559.25,17.0,65.2,-19.0
2026-05-13,short,29166.5,18:06,29492.5,18:08,29472.75,18:15,29496.25,3.75,19.8,9,19:00,29449.75,8.0,115.5,-25.8
2026-05-15,short,29158.0,19:08,29487.0,19:10,29464.25,19:13,29486.0,1.0,21.8,5,19:17,29447.5,239.5,8.0,216.5
2026-05-28,short,29933.75,17:24,30318.5,17:29,30300.0,17:29,30312.0,6.5,12.0,5,17:33,30287.75,13.2,54.2,-18.2
2026-06-02,short,30436.75,17:08,30712.5,17:12,30693.75,17:13,30708.25,4.25,14.5,5,17:19,30674.0,76.2,46.5,-33.2
2026-06-18,short,30474.25,16:11,30675.75,16:13,30647.5,16:14,30667.75,8.0,20.2,3,16:17,30617.25,121.2,166.0,-75.8
2026-06-23,long,29839.5,19:54,29577.25,19:55,29606.75,19:57,29584.5,7.25,22.2,3,20:00,29639.25,114.0,26.8,11.5
